tweet,labels
-1,rnjnxan kemana deh kcon nya agustus flight kah
-1,nct_menfess kcon salah
-1,nct_menfess kcon deh salah iya nder
-1,lockeyfess berharap menang voting kah mama didepan mata abu-abu tinggal menangin votingnya road to kcon road to mama
-1,yodreamoo sebagai informasi teman-teman protes komen section kcon mostly nonfans alians fandom popoler banget tap
-1,lockey mudah lockey menyerah kasih kemenangan rtm kcon lockey mesti bertempur
-1,sedih bngt kcon huee lihat drimii smga ditayangin online lagii please sibuk pagi sore
-1,ellysukatido friendly reminder hai kawan-kawan jom support minggu usahawan negara this week ajak family sedara mara
-1,xiaotiwg ngemod game diare kah just ask iya terima kasih jie kepi kah kcon yah mampir nonton
-1,pas baca judulnya wahh dream kcon kaya but it 's okayy have fun saudara laki-laki
-1,btob kcon kecewaa
-1,itshaewxn haewon ketemu ketemu iya kcon
-1,ciipher kcon rookies tolong
-1,malaysia lupakan kcon mari menangis bucu katil
-1,hyerim its like hyeju on kcon tertawa
-1,wekwan jualannya ner yaa habis merch kcon habis kaya official merch lightstick
-1,daisyhwj kya kcon unikon sih kakak takut tbtb kesini
-1,hyeywon seru banget suka lagunya kak yena smiley dance lagu pas kcon
-1,ajgg loona kah kcon
-1,nuiijseong kcon dream dimana kah ina
-1,kpop_herald kcon_official enhypen_members nctsmtown_dream matchasmores gerak jela time cuti sem
-1,kah kcon dream concert acara treasure kayaknya ajeg
-1,traineeatxt lockeycal sukses diliat chart faktor nmixx masuk lineup kcon bagus penjualan album henti masalahin chart
-1,anjing ngehh jadwalnya smtown japan kcon mevet siee
-1,sedih drimis kah kcon galengkap tidak bisa berharap momen anakku
-1,nomor dkmk for kcon so rj will be all alone for his center part iya ih sedih jelek banget mean huhu childrim
-1,ateez enha kcon iya allah apaa
-1,dreamstan diem kabar dream kah kcon Cuma berlima dreamstan sabar curahan hati base kena salty dreamstan sabar muncul sistemjen kesabaran nya nipis sih nge tweet fave
-1,semoga semangat tempur lockey bertambah pas voting road to kcon aduh banget lihat konser correct me if i'm wrong
-1,why why why dreamies kesini giliran beli tiket kah indonesia tbtb announcement kcon huhuhu jodoh beneran
-1,sadar kah kcon
-1,traineeatxt lockeycal agensi keuntungan nya masuk chart nmixx kcon dream concert dan lain-lain senum kcon lockey pilih sekuat tenaga
-1,demul__dee yes peluang sebenernya pasar dream us promosi us dream line up kcon kekuatan dream disana dreamies berpeluang nambah fans
-1,diominic kcon dreamcon tinggal gedung diajak
-1,berharap aapa aespa kcon plis butuh fans
-1,nctzenbase teman-teman acara kcon suka ngejual ls kcon nya yahh warna lsnya ijo neon lihat
-1,kcon jakarta when
-1,kcon tidak ada uang aespa sedih banget
-1,orang marah gara-gara lightsum kcon
-1,maw kcon indonesia euy
-1,waduu mahae gaikut kah kcon ilichil jadwal apaa
-1,membicarakan jadwal kcon anjing kcon drimis berlima marah bilang tidak apa-apa world tour berlima karier drimis ditahan melulu sumpah drimjen bicara marah
-1,gyulbitzz usahanya besok tinggal pasrah takdir yaallah semoga menang road to mcountdown road to kcon road to
-1,iya tidak ada uang jadwal mahae kcon pikir prioritasin mahae tanggal segitu for nothing mikir sia
-1,oh yh ngetweet takut tbtb ptg btob kesini kcon indonesia hai takut banget
-1,tycrvsh tadii kak tweet ramee terkait member gaikut kcon deh tweetnya memancing pertikaian unitzen hehehehe
-1,oalah kcon pantes trend
-1,dreamies kah kcon cmn berlima hahahahah sedihh gkpapa
-1,beneran absen kcon iya
-1,peuna semenjak pindah hybe kcon deh
-1,ajudaningning kco mn ih tumben banget dream esem jrg ngirim artisnya kah kcon anjing
-1,line up kcon oke anak tidak ada uang
-1,ngatain idol flop wkwkw ngaca banget idol duanya masuk line up kcon kcon rtm
-1,kcon jepun enha kah menangis kayanya
-1,bilng iya jarak tanggal fanmeet kcon jadwal setelh fanmeet jadwal resmi setelh fanmeet klu logikan jadwal fanmeet buktinya mahae cont
-1,lihat qrt postingan kcon official banget protes dtng nge drag unit kirim mf salah up opini pribadi terselah terima first sedih loh krna cont
-1,haloo morning have bagus day yah for today oh iya pas scroll timeline line up kcon rilis yah sijeuni seneng dreamies sayangnya dtng sedih kecewa krna dream dtng dreams iya pastinya cont
-1,ih mencari photoism kcon changmin gaketemu
-1,tweet kcon dream kak cek deh qrt nya tersesat
-1,fan grup suka maksa banget idolnya acara manapun ngomel kcon ajak alumni eks acara iya si agensi idol trauma kali iya mnyet pilih kah dream concert iya enak kah dream concert
-1,lok kcon deh tanggal segitu jadwal tour sih coba
-1,tidak apa-apa sebentar kah kcon iya
-1,tidak apa-apa kcon bismillaah screentime krna babeh kesayangannya mnyet
-1,ending dream concert garing banget coba konsepnya kaya kcon
-1,coba lihat perbandingannya baju belasan kcon si pas lihat seutuhnya beneran jelek pas pakai kecuali isa lumayan
-1,greget stayc keren banget bakat dan lain-lain sumpah dear stylist please banget bajunya stayc mbok dibagusin perasaan acara kcon banget acara tonton orang banget sejelek ituhh keselamet make orang cantik
-1,leebisa stay see membocorkan swith keseruan panggung pentas kcon seoul bebe
-1,cerita kah mamah survei kcon enha tiket vip bilang murah mah termasuknya buset emak gampang banget bicara
-1,kseui_g kemarin habis flexing wakru kcon
-1,kesimpulannya suka haewon nyanyi lagu strong bold apalah pokoknya lawannya halus strong suara kedengeran bulet menurutku strong kaya kemarin pas kcon suara enak banget pas nge-cover move ur body abc
-1,secret number tampil kcon
-1,hilang oras tong kcon
-1,outfit mvsk outfit wadada outfit wadada kcon kemarin menangis
-1,sngrammy sn kenal korea internasional ba brand terkenal diundang bergengsi tampil isac kcon penjualan album aminn  tamat minggu ikutan sih cont
-1,banget mencari perhatian changsub dijamin langsung notice diajak kah panggung kaya mbak kcon kemarin
-1,kcon kah indonesia elah amerika melulu
-1,asyzahrah ikam berasa  anakku unggi hiatus lawas ggra garing tbtb minsu jerome hnyr kemarin kcon bhnnya
-1,aneh pas banget member dimasukin member tidak ada uang unsur hate kah member sayang rencana wakeone kcon kemarin last stage mereeka hiatus abistu
-1,kcon usa melulu indonesia when
-1,kcon and kapanlagi korea in jakarta enha in demand ya enhypen_members enhypen
-1,sjymicasa kcon in jakarta
-1,glumzuy iyaa kasian anak-anak istirahat kcon
-1,jjyuraelove kcon foto halu ituloh kemarin manipin
-1,kconusa nmixx_official langganan kcon boss
-1,another kcon in jakarta skwkaksjs
-1,ya kcon k-pop concert in jakarta
-1,anak kcon
-1,pas kcon enha cover lagu iya iya
-1,pacarnyajspark iya ihh jarang banget berharap kcon dream eh gada
-1,minaeriland isi mfs bilang mys iri lihat grup masuk line up kcon bilang aespa ansos wkw kocak anjing
-1,kcon jahat acaranya online weekly undang pas offline undang sih
-1,gemeter banget lihat lineup kcon itzy nmixx wjsn
-1,aespa gaikut kcon iya
-1,kali ragu kcon
-1,fakboynumber beneran harapan sn masuk line up kcon jalur fans sn undangan dat
-1,habis kcon
-1,yahh kah kcon first lineup nya semoga
-1,ra urus kcon
-1,malam rewatch kcon itzy thai japan reply kolom komennya sekangen lihat dpn large crowds tbtb dibilang kcon
-1,natanattda mendink adain kcon jakarta ya kpop
0,rnjnxan iya ituu kah kcon acaranya msih agustus kcon flight kesana
0,hisnameisjeno eh maksudnya kah kcon flight nya
0,hisnameisjeno waw iya kcon tanggal gaa
0,rnjnxan kcon agustus
0,nct_menfess kcon yhh
0,njmjpg nct_menfess kcon agustus
0,kcon umumkan lineup
0,nctdreamina dreamies konser kcon
0,at kcon dikenal juga sebagai yujin oh my god
0,kcon yaa
0,siecun eonnie ku cayaang eonnie ketemu kcon umumin line up nya
0,kcon agustus anniv ye liatin ajelah kwkwkwk pas mh gaikut sched drimi grgr persiapin anniv nyerocos yiiyilih kin pinting blablablaa mah males wkwkk main yauda sok
0,semoga eric kcon
0,itzy loona kcon
0,mrsmerrynn hpf main kah us kah us kcon
0,jiaorenjimoet dream kcon hadeh kebiasaan schedule ribut gerakannya
0,mahaeluvr wts lfb tbz hannasells jacob kcon postcard set jacob kevin rtk bene makestar
0,yeoejin kcon
0,sunnysanup unikon kirain unikon kcon weh universe apps kah
0,sunnysanup iya allah kcon sih kak
0,matchasmores kpop_herald kcon_official enhypen_members nctsmtown_dream jual nasi lemak
0,pre record noticenya kcon japan kemarin notice pre recordnya live beneran correct me if i'm wrong
0,hundredtaey maunya rinn nov des kcon dream
0,kcon usa in laha
0,sunwoodzz xd korea ge kemarin pas kemarin kcon
0,bengekhyung iyaa banget nyebut nama toma scene kaiho jelasin alasan outfit kcon fc toma
0,nya ilichil tour member kah biar mahae kah acara kcon
0,yanh nya tlng jwab ntr follow ko sn ngk masuk lineup kcon iya
0,kcon indonesia yeah coba sih nonton via twitter
0,nnton kcon alesannya iya visit brother pulang kesini
0,oh kcon iya not surprised sih
0,nomor billie at kcon
0,penasaran acara acara like kcon dream con et cetera nya diundang fnc tolak
0,kegiatan menghadirkan festival budaya korsel konser artis k-pop
0,noranjinji kcon
0,loonathefess kayaknya kcon tour
0,theboyz kcon stealer iya
0,eh txt kah kcon kah
0,kcon pertemukan cloudyeon ssangjin plis
0,waah kah kcon lagii
0,kcon usa iya aespa kah
0,kcon jeddah
0,tybotaq kcon kah perginya sih berlima
0,enhypen nct dream barengan line up kcon
0,pedalyo ituu kcon nct dream ajaa
0,the boyz kah kcon tanggal brpaa teman-teman
0,tolong harinya plspls kcon
0,kcon bertujuh
0,jadwal bertujuh interview jepang online dikorea kah decon habis kcon kah smtown concert
0,ngomong-ngomong kcon ina
0,pagi gais kcon
0,kcon tanggal iya diumumin makasi
0,beneran nct dream kah kcon
0,maaf sblmnya kcon iya ditonton online iya tia
0,habis kcon langsung flight kah jepang khh blik korea
0,mari tunggu angin
0,aespa gaikut kcon yahh
0,suka mainin ekspresi mean their charisma stage pressence is nomor joke penonton kcon terbius kharisma itji
0,spoiler dream live kemarin kcon apaa beneran konser
0,sarangeulhetdah iya kayak pas kcon rekaman tinggal kasih file ending gitu iya nyanyi lagu climax versi ikonic lagu buatan fans
0,chaelindaeyo ditampilkan screen ikonnya disana kayak pas kcon iya sebenernya tinggal detail project kah waiji Cuma tidak tahu diterima kaganya tertawa kkonic bikin project menunggu kabar diterima
0,kataku sih yoon kcon deketin hiyyih tanya-tanya grup abangnya tertawa
0,salah pas stage kcon yoon nyanyi know love you waww moa garis keras
0,tbzloona ayo bikin gebrakan kcon
0,aub_pjsong ahnxuazn_voting enhypen kcon
0,yihh srs taktau masuk tvn kcon
0,starfess anjrt kcon gbk
0,kcon indonesia list artis iya mau tahu urusan orang
0,hongnity kcon kann
0,winterogasi sebentar kcon tunggu iya
0,on kcon kbdksbdkd
0,link live streaming nonton bareng kcon digelar agustus
0,arataki gang join line up kcon
0,shiontakushogo ohh fokuss eh kemarin lihat kcon pdhal keren lagunya merekaa
0,kayaknya prnah nonton konser apapun deh first konser nya bilang salah kcon gtu shinee disana
0,semoga ive kcon
0,enhypen on kcon usa soon
0,banget baeil masuk kcon
0,kcon indonesia enhypen masuk line up yaa
0,lavieunblue kcon jakarta
0,kaya kcon gitu
0,plis plis plis bahagia banget enha steissi masuk lineup kcon
0,kconusa enhypen kcon is back
0,luvsenha enginafess mission together kcon tact linknya dm
0,enha kcon cover song egk
0,fakboynumber beneran harapan sn masuk line up kcon jalur fans sn undangan dat
0,ohh kcon
0,bahas kcon
0,informasi tiket acara kcon unggah harga keuntungan dapatkan membeli tiket pemesanan tiket festivalnya tanggal tersedia
0,silahkan catat tanggalnya aktifkan pengingat melewatkan informasi nya acara nantikan informasi unggah berkala laman sosial media resmi kcon usa bertemu
0,kcon online harga
0,mjb bnr iya menang road to kcon masuk line up
0,kcon sebenernya lineupnya ketebak nama
0,besok release line up kcon fix enha enha kah
0,kcon premium
0,foto pakai poster road to kcon fiks kah kcon pilih menunggu gen iya baca menang langsung kah kcon
0,cover mksdnya kcon ges
0,paham tiket kcon mksdny sn tampil kcon
0,harga kcon sih
0,kcon in jakarta sih
1,ngomong-ngomong drimji kah kcon yak hahhaahhaha mah beda hahahahahajja hahhaah
1,caahngmin theboyz resmi line-up kcon bertemu theb
1,kcon goes to lentengagung
1,sera que weekly ta indonesia profesional kcon
1,sadar kcon pas agustus iya it means jaemin is going to us on his bday moonthh
1,nct_menfess kcon acaranya agustus
1,semangat kah kcon
1,deukae kcon iya masuk tour
1,asik kcon
1,album kali ballad lagu dicover kcon baddass banget
1,minkisgi iyaa wkwkwkwk unikon universe app konser tgal korea kcon pertengahan agustus
1,minkisgi tertawa unikon inih kcon
1,ngarep dream collab grup sebentar kcon lihat dreamies cowo mamba
1,eh kcon bawain lagu iya
1,just_flathuman dita kagetnya lucuk bagus manner banget langsung maaf you teman-teman read this we wan nya participate in kcon
1,seneng kcon eh ovt pre recorder mama
1,slogan hanlim rumah slogan kcon iya allah
1,mampus itzy nct dream kcon haechan hahahahahajsjsjjsj
1,ppipiww bang kcon bang
1,oiyaa jeno tanggal rj skejul kayaknya kcon gasih
1,perayaan anniv dream sebentar iya sibuk terbang kayanya dreamies ketiga kcon deh  deng ketiga
1,kcon special stage gituu jujur ngarep dream tampilin collab grup special stage merekanya
1,lialiav sia-sia yah ggevote menang lihat bahagia bahagia road to kcon
1,on kcon soon
1,semoga semangat tempur lockey bertambah pas voting road to kcon aduh banget lihat
1,kcon nonton langsung
1,beneran kcon men
1,kcon jakarta lineupnya kcon fix nonton
1,kcon niat ngadain indonesia kah skwjwhs lumayan beli tiket lihat idol
1,hahh dreamies tampil kcon orang ok lj kko
1,yes at kcon
1,semoga kcon usa nmixx itzy en stayc
1,loh ketemu edi kcon spaciesed
1,doaku semoga nct dream ketemu deh itzy kcon mc bareng
1,lebih baik bikin kcon jakarta
1,yodreamoo nct dream trend topic kcon full dreamzen bawa neobong anak-anak sene
1,ive masuk line up kcon
1,waah kcon usa
1,fakboynumber persiapan road to kcon banyakin akun tertawa
1,asikk siapaa ikutan kcon kitaa ketemuan
1,anjing kcon
1,semalem habis membicarakan kcon bareng sayang kamiy maw pacaran
1,at kcon
1,kcon agustus iya uyy
1,bareng kcon bismillah rihikaru interaction
1,managament susun rencana schedule pastinya jadwal resmi untk mahae kcon jadwalnya agustus agustus schedule fanmeeting in japan yah tg mahae iku
1,kcon biasku dtng huehuehuehue
1,treasure kah kcon yuks ayo
1,yuhu kcon
1,iya tuhan semoga wuju perform kcon nya bareng
1,aneh banget pagi pagi disuguhin berita announcement bikin mood swing iya sayang koran lokal headline title-nya tampil kcon lucu banget asli dreamstan
1,anjing ateez line up kcon nnati cokk
1,tbz sepanggung iya dreamies kcon
1,persiapan hati kcon kena angin eropa
1,semoga kcon kecantol dream
1,lightsum debut kcon
1,kcon sa sayang
1,asik bngt itzy nct dream kah kcon pacaran sayang
1,dream kcon pas ultahh
1,eh kcon ramai
1,yoo beneran kcon dongg yoo
1,omoo kcon
1,kcon brrti airport fashion lgii
1,iya kcon indonesia biar hape ngerasain diambil dipegang idol
1,"tetiba jung hoseok masuk line up kcon kcon ina spore langsung on the way, sedang di jalan flis mah wkwkwk nonton bangatannamnasibx"
1,bismillah ayo backstage kcon
1,ih enak banget indonesia tidak mau kcon apaya
1,gila gila gila kcon ramai bgtt
1,pislapisd oh iya kcon wkwkwkwk oke apus
1,kcon merayakan ulang kcon dilaksanakan tanggal agustus antusias mengundang kah festival menakjubkan
1,iya ampunn padat banget gilaa kcon berlanjut
1,menampilkan keseruan nmixx dibalik layar kcon seoul nmixx berhasil mewujudkan nswer sullyoon jinni tampil video dibalik layar
1,kcon_official semoga cravity ketemu nmixx
1,membayangkan betapa keren nya enha kcon asksk
1,gila habis line up kcon
1,please itzy nmixx tampil pas kcon jeball
1,kcon jakarta iya hahhahahaah
1,beneran kah kcon anjirr
1,enhypen at kcon in oh my god
1,kerenn cravity kah usa lagii kcon kampung halaman allen
1,allen kali iya menangis wish comeback to kcon amerika serikat artist terkabul berkali kali
1,ayuk bismillah weekly line up kcon stayc nonton sih lihat si sumin
1,inget kah kcon gara-gara covid
1,eh ngecek kcon tanggal august ngerayain ulang tahun annyeongz iya semoga ive beneran sih line up
1,kcon indonesia ayo ayo
1,kcon usa agustus anak-anak bawa lagu coba terbaru yaa
1,oh my god kcon
1,me when membadut stayhypen at kcon pliss heboh banget
1,minguri_aw road to kcon merinding cok
1,kcon jadwalnya pertengahan agustus kcon konsee universe jadwalnya juli kayaknya cravity kakaknya ive ikutan kcon jadwal konser universe bestie sih
1,idolaku cantik suka merendah le
1,berharap banget ive ikutan kcon hmm
1,anjing kcon kena angin iya allah pingsan
1,kerasa banget yaa dititik ngebesarin anak kecil.sampai gede seneng banget semoga lirik menang divote kcon nya
1,rinizzhr tertawa kcon kali
1,sweetsebong aa sih idol dtng lebih baik kcon ina tt biar
1,kcon indonesia soon aamiin
1,eh spoiler kcon comeback
1,ayo kcon cil sp eroh nct
1,namanya numpang nangkring artikel grammy masuk nominasi iya eaj aamiin
